<?xml version="1.0" encoding="UTF-8"?>
<!DOCTYPE expr SYSTEM "expr.dtd">
<!-- Original expression: (b*b)-(2*a*c) -->
<expr>
 <binop op="sub">
  <expr>
   <binop op="mul">
    <expr>
     <variable name="b"/>
    </expr>
    <expr>
     <variable name="b"/>
    </expr>
   </binop>
  </expr>
  <expr>
   <manyop op="mul">
    <expr>
     <integer>2</integer>
    </expr>
    <expr>
     <variable name="a"/>
    </expr>
    <expr>
     <variable name="c"/>
    </expr>
   </manyop>
  </expr>
 </binop>
</expr>
